Unique_idx,price
15544,630814
17454,509813
21548,727943
3427,690881
8809,220638
3294,675244
275,580351
8736,690937
6161,602085
19832,576750
17232,143754
1305,314360
12702,664170
12717,409573
17327,433229
8196,912307
13,260859
13412,714438
16484,513747
14761,540612
1675,275566
17478,461427
19226,1220759
8083,708842
17237,477401
18122,581249
19836,423696
10046,239495
13341,501413
8040,464280
18568,1033723
19398,691474
13790,224362
19649,1091219
16718,455257
19,235183
11249,283486
4122,389626
9632,440333
5768,554926
1903,259441
19629,632034
17331,394689
12448,381069
5014,697551
9598,179391
6604,757777
12280,646067
19245,456196
20627,518609
13888,636067
16804,1254264
16254,201855
16196,529337
5816,253123
12096,892333
17180,1035975
11768,796469
1428,1000845
3401,131842
2741,561985
17958,916293
4988,527973
3286,194178
19771,807735
6775,646556
21026,549070
9384,528036
19776,479741
9551,566417
20399,626681
8520,331587
14833,428810
17846,606782
21321,1241920
15430,1012845
8353,635636
6227,193874
17876,592542
9390,821206
20086,589269
219,507797
20944,966159
13620,858741
13354,89764
9692,284698
17429,714400
20640,783287
13415,228848
3423,572169
12103,713733
18668,362148
17598,282736
20321,118682
15573,432352
2011,150487
1405,590469
13825,697769
8420,573075
6240,724990
15842,521287
8347,601650
7182,444175
6197,1033183
20773,365353
17016,816188
12804,383090
2684,268382
19631,381331
17599,161315
5879,130786
10654,403313
1901,379391
19138,363569
20392,694748
16406,507401
18137,620381
5914,655500
14575,154587
11871,2037286
13285,611290
13490,217831
21165,649102
15718,383276
352,291463
15278,910085
16543,186583
6454,517260
18327,966539
16864,387582
5789,694483
18346,621797
694,661454
1955,541727
8249,269593
7019,379009
16466,540470
7962,497709
938,281305
14560,371443
18703,471763
14676,-84091
14925,512228
17633,683296
21399,631827
14098,482887
16636,696589
13646,371293
4102,175999
9465,300790
2525,540141
7275,559039
12445,554375
14599,445775
6247,451636
484,1081101
8705,891596
21233,664184
11675,299230
5531,296534
7355,271481
4163,314559
4933,288934
5061,528887
9941,540778
16990,377382
3309,314596
6086,530756
9802,316772
290,299515
12353,290236
14264,432102
11680,896008
15151,770070
596,459937
6714,1654175
16869,823175
9958,622629
7529,692776
20906,245347
20809,1083465
7540,444344
6859,479413
8130,377924
7921,615339
554,521384
11271,825247
9944,745060
18972,491887
12338,193840
2575,648856
16502,512091
1637,418908
516,286174
10686,491163
8928,1005776
4771,1009831
17969,571278
20358,634305
8011,606614
17087,1070226
8505,386893
19669,438485
14415,664863
19184,740585
12254,804016
3672,737154
6203,945361
6817,602521
14871,672446
1090,816625
16329,282462
3964,349618
18495,797425
20995,304082
6228,413189
20396,1003443
11869,743248
4088,791130
18853,480875
7463,715123
19502,518975
20509,529883
19323,1234239
16015,627158
4193,329195
565,267654
17611,185984
8599,757140
559,244114
3402,41187
9425,498507
1295,260206
16181,245851
21286,390436
6551,248193
5697,384220
20691,558079
19185,339326
1225,267869
15675,455140
9063,779210
7787,55397
8077,374499
7296,557991
19066,454034
14084,312493
20647,402003
4030,541298
4829,359244
2609,434158
7509,263481
12928,367312
2862,457588
8838,1100941
10776,825445
13382,608531
21003,462594
5155,691906
15376,890925
6100,651492
9071,326409
15919,580538
6423,596592
8146,738755
20427,321029
19149,946606
11668,570170
4674,1151629
1174,584948
18734,523850
3925,451308
10683,1222880
18924,806498
6640,400547
5734,396570
17536,99096
5042,536934
2220,521027
4204,609336
13122,360556
10283,1314744
2349,704358
3137,797736
14544,195383
18246,365948
2675,258070
811,577765
17181,610846
15971,475403
16705,619522
1480,626405
397,526257
8155,816904
3656,226189
9355,434677
10057,435220
13373,297508
3370,770840
300,1818945
10676,141704
20789,504891
16779,722980
4322,458597
8996,911324
3625,311745
20467,700735
14503,722255
7244,417401
2447,376236
8207,533650
17892,139934
3851,359125
33,482895
8339,713841
989,345282
20915,248183
20674,1069177
8521,516005
6215,438138
13299,828389
13760,555689
5815,478238
7666,274243
9157,736290
14315,268989
12364,1030182
13651,225434
6364,479124
17207,754860
153,1630936
4646,455016
7939,478192
18903,456298
506,474991
8027,394250
16036,557761
17419,146986
19593,262410
17131,321160
10729,466772
8486,323387
18638,764719
14113,185724
438,522969
11944,973090
510,539395
18397,291537
7693,561664
7673,873800
15898,455228
18688,649862
2979,320890
11826,477176
15496,395821
7832,365876
12440,684214
21225,417562
2952,462864
1247,1242171
17371,769856
813,459671
3971,581228
9488,723126
9489,358434
13873,518641
7227,374810
13892,368058
8419,363114
9971,345086
19378,413768
13573,1297085
16316,175423
16638,436816
14096,1387941
18447,587687
13138,519747
11290,1034756
11060,344570
13503,168289
16126,840620
19452,-560609
9873,729755
14440,525466
10332,449044
16607,458277
1398,305793
1289,677663
9736,345289
10457,597099
18984,894816
10814,518929
8744,542143
4982,306369
16321,250746
1596,353788
4714,638029
8645,249314
2401,528234
20199,427904
15190,462300
21432,630182
11471,1070479
10144,235599
13949,857587
1638,375976
12004,627582
13725,702014
1300,520493
13746,479790
5717,439106
11425,439743
6958,212034
20628,433997
20956,839829
14952,207422
20612,353822
10517,258316
8468,264213
10525,1179703
18317,671576
19234,31266
227,217807
15212,450147
18600,85205
8214,370883
1850,258622
6039,528653
10255,341062
10156,323280
9173,272630
13269,412385
16889,1262860
6396,30272
12677,289826
7651,739733
3315,245478
15016,599732
21231,589910
8665,745046
4115,594740
21222,481733
5232,596798
7322,515884
10030,1051677
6113,564537
9053,608457
11447,780274
3142,161108
4839,481838
19607,828516
7603,354590
13073,612060
9017,384952
10329,799350
15045,601266
20227,416357
14238,308667
20750,437467
5018,729868
4137,535293
6804,300027
19701,506707
2372,262942
5692,319011
246,1520749
10897,445945
10860,309145
16286,514888
21189,424743
11408,498887
6610,404685
8715,633966
21124,206997
10161,777684
21030,896300
4799,175863
8864,327447
20336,404212
3471,544716
12812,627743
6603,830993
10893,178554
4258,188086
18525,486775
20407,1001729
19304,214461
20638,227278
1475,587697
4043,467306
15904,675213
4203,648792
15286,902673
110,486390
10359,172669
16872,306205
3661,101476
12518,307828
16417,624185
9454,234401
3058,666594
14715,460452
18581,298165
2124,717666
551,1412716
415,652522
21337,445790
11594,631391
7494,946624
9479,293691
15389,694190
19289,699716
1892,375643
12301,513454
3198,96472
15135,1165908
14480,348734
9973,408464
11480,146524
7364,791194
8887,772065
11986,537251
10728,608172
18446,379594
21486,1108598
2366,987972
15155,432334
12793,58270
1998,389748
2713,1689271
2463,193395
21149,890599
9660,630908
4423,467051
8507,590421
608,206366
19597,16216
4330,388146
20135,261244
918,277631
837,308781
13689,173978
3891,1177937
1910,348011
12511,404717
2403,427386
15416,420080
183,74264
9681,678681
20497,417185
21498,532233
6366,760995
3764,503693
14010,234364
891,838187
5844,179830
10159,423630
2293,514508
9880,570690
9426,412392
5809,259285
1603,708469
15557,136771
7012,-9423
6811,221758
8852,206137
10853,864086
14953,1327091
8732,395105
221,219989
15497,504802
19298,625581
10888,431576
3136,483600
10557,483610
1916,612181
44,179303
5846,739538
16420,444773
14912,560218
2072,62460
2794,1097844
20401,251773
14949,445338
6528,459408
6068,690836
5240,830641
18238,727300
2360,96108
17094,901394
20779,362663
18093,596683
3774,543824
2682,748072
13901,401144
15976,123517
14873,686898
6135,805635
9503,512285
14862,208796
8620,396087
4120,709613
19122,38067
8221,813147
625,155938
16790,542671
1522,332795
2811,869928
14314,435571
16372,922253
16401,414145
1953,402881
16708,590395
16937,120723
5496,653426
3419,430517
15745,976819
1181,174317
7878,208389
20438,721732
3231,1184828
2798,365114
12580,460541
16184,696567
16419,566456
18759,428529
6269,706253
16475,479454
10206,691165
20517,381528
5398,800534
13691,543362
19419,697904
10040,968006
20796,213928
11091,296580
3607,593698
7083,667261
19333,471445
14616,474683
14562,130304
11640,502111
1350,952348
6502,126688
17885,726626
10351,550460
20070,462654
1808,648081
5198,725134
12026,640312
13987,454217
12714,454127
19260,1076340
1988,548087
5645,965706
1828,474544
7839,342159
19511,456195
17657,1319815
1385,715532
2230,598521
5190,844982
4173,804764
2590,537841
13508,848371
21040,1684590
11904,390725
14151,1012696
3869,833152
2820,355023
13117,427377
6327,807283
11360,147463
20919,456822
11355,616980
1883,322627
7569,524263
10468,1137245
741,363328
21077,271671
15361,470567
5962,895402
3484,377855
6770,1266985
19255,1307729
18742,214336
9264,188982
4368,484036
749,424076
9793,608709
9417,792541
6828,683595
10446,1612351
391,693923
12461,402792
2999,636080
3106,393017
5388,1006753
12782,789353
16653,229958
8932,389730
8708,323424
6619,545846
4668,210151
1070,624974
8801,594033
19568,641938
11330,675283
21592,467083
17422,353917
11419,198066
15162,718503
11457,406248
168,822703
231,616729
13394,491737
18716,1208178
72,774050
11531,851747
6691,1314246
20301,689627
2802,127379
3525,262598
19925,530200
12478,653148
12354,360395
18270,103531
7739,409286
2038,448388
18066,560872
12831,340803
5632,620124
10134,427775
6632,548813
1362,623744
3833,492239
3930,253170
8691,625375
1732,1515122
12716,468236
11211,294697
12370,2026181
19741,534933
14126,659100
8230,555401
10939,437462
6847,358566
21037,246322
21160,390919
10264,1149336
2711,384142
13094,558685
19563,192870
8893,636127
20295,1752591
5623,574382
12635,251436
17264,180154
2907,780078
18756,720017
10458,825992
82,563855
5952,280402
4414,372906
4909,633668
17018,609247
15617,382865
5455,704315
11726,555949
15695,537874
17762,229685
9765,405957
13917,559066
21453,507377
20707,536242
20014,687041
10840,1376076
14428,1172366
14518,571505
4325,424078
11684,613004
19056,515913
8005,864068
4871,314583
7932,709894
15594,735227
14917,337508
8942,473522
8421,287928
8449,557201
92,171852
13697,1189906
324,271525
20437,442194
14651,538532
20012,566100
13828,700779
10227,134727
15103,503548
13279,704120
702,498131
2085,2593995
13933,345360
1841,948423
12933,526081
17283,236027
20157,881664
7533,322024
875,1022150
4390,-103421
18861,933605
17979,502780
343,42259
2404,846361
7985,843903
4904,218464
16478,710924
4722,418377
4835,45861
1026,364589
4760,951353
19738,456950
8464,391448
3719,172817
9767,496385
7080,345908
14895,243021
11910,733038
7648,235786
13265,406143
12664,228200
12404,406926
2984,1006689
19256,719724
20126,899615
9916,603708
11578,290386
5601,259062
19758,1441992
20038,424516
21153,692688
16672,328171
1421,280193
10949,1292449
21173,754093
4883,224510
12731,448335
1141,372433
10892,701212
3008,621316
12676,684052
21283,1025609
2052,461366
20055,328183
9745,1162001
21109,237494
18263,282487
5002,364817
19899,484082
12787,161366
16429,904632
19982,630130
17276,467228
5637,464275
3227,358518
12175,444009
18490,564966
7437,515021
921,190424
12603,519996
11350,517211
10106,549681
13149,218291
1869,731561
5435,709725
10485,311854
4836,505561
21257,610428
5761,301918
7687,304665
4271,474010
11666,514982
1925,303386
12372,516751
13863,378027
12885,808222
18788,403740
859,177510
8641,591038
15864,200657
16237,140358
20831,395200
12499,406828
4719,471385
5045,292300
21118,728111
16125,973828
19287,411577
12637,701470
15018,403864
16958,249976
19504,655240
16318,406506
6700,454029
3094,587419
17354,681273
3610,636160
1312,586750
2908,557074
21371,483605
6038,629861
10536,1112464
14822,1904458
2779,288511
15242,300337
12726,611030
2858,1503303
4424,247340
832,406532
16317,374385
14321,788081
6089,629044
13958,417820
17898,274023
10350,732634
17970,522831
20458,1228391
8396,266585
9923,860109
15765,820213
12528,313217
15412,339983
2377,533249
8364,407473
9655,436180
8637,679042
8834,389294
17467,392018
21484,908575
14573,432652
11978,1084233
2591,412357
8793,450111
1113,686683
7542,1008254
2573,248356
20598,535597
5453,448016
5680,976854
8243,541925
20381,1073786
16331,384656
21606,839756
10434,342422
15197,838794
1013,588032
15895,739754
2430,354009
1301,495396
8540,1073890
6907,386578
7947,253497
21060,635439
18805,386759
4124,150322
8488,259937
8985,533681
10048,153115
11218,404498
6880,854848
10598,266900
19470,290251
4360,553829
4796,937984
21028,299358
2093,717452
6487,649035
5215,369809
11174,479417
20843,890576
3195,753473
20212,279715
16537,241013
16691,331410
10611,438000
17495,260609
3498,736412
19448,223506
16613,547699
6735,409942
2131,505398
7632,562150
81,203918
2752,640395
10315,565640
6027,217362
9255,235542
2364,488329
11414,328426
16077,698472
10478,272862
19322,813382
419,1597795
2311,544190
945,422313
16213,637501
10610,438000
3085,403982
9258,765326
19635,827780
10482,485049
3403,393386
21282,455968
12643,354211
6639,475670
7212,400619
5707,565208
10385,1552240
10634,523368
18535,1278622
20940,1117227
8952,588789
19450,941926
11002,346688
10871,467196
12610,121805
10463,526820
21314,677032
7115,687392
4744,386824
10213,740698
3095,299317
1236,211325
19481,438540
11155,240107
1662,1144297
20372,350023
17677,773057
9430,385434
16130,456081
10551,653407
12230,461596
4679,706567
4921,662079
9533,467677
20096,1306180
7471,391062
12750,317931
12784,892825
18139,530502
3908,668600
10244,1018606
3345,605450
2032,303000
5082,361627
16542,475932
6064,179725
1436,702601
7127,1628290
3247,531097
5747,1146541
6612,528912
8543,480045
6482,531665
11683,597370
17725,517581
4429,541038
14069,128890
17252,720241
8440,801865
7562,560687
9086,313527
8720,637140
17807,-22759
18951,530812
3505,528613
866,744451
12521,565479
18930,444352
11985,375987
17108,475527
9617,286332
3577,211224
4948,445026
19530,247754
10751,498587
11268,1222354
18698,389034
20158,279249
19818,427945
12981,417272
717,670913
470,325470
8516,991877
1468,358582
15522,1042325
12756,746866
3830,270120
4502,563590
14345,419393
8002,259453
3272,667206
8369,571923
13498,878053
14456,1143840
10818,391992
10726,641615
14743,874288
18737,387522
4364,396349
2521,161472
3736,291117
85,802847
6772,401873
2782,493528
9400,173762
3257,1034998
6023,865165
13763,698707
8959,418643
8527,911596
7778,175960
213,640895
16390,520598
9814,620843
12591,1141178
15673,407704
7977,575607
13792,27658
5679,699070
16671,328171
16535,772340
15333,462940
3049,318034
11029,302508
21269,484963
14173,282723
9429,436699
3119,617169
8326,612451
9929,737506
18171,202062
16976,289699
13283,679815
18789,570202
20776,768500
17202,440950
12633,240695
11394,482961
13594,312193
17740,258304
9485,421654
3561,509466
14638,904876
20581,295479
13998,837133
19262,1209380
12466,412345
19238,191410
15241,1207932
6440,647138
14867,79830
12221,372756
618,141962
17338,785995
820,25648
12474,525442
18076,467578
8405,1088922
2932,62882
14139,1058833
6036,290960
15643,543709
13198,508674
15744,739337
12858,378568
4576,387790
5921,59301
2371,404856
12146,35072
18651,836504
19968,718197
2578,1341530
8395,317118
11916,33615
2206,358272
17973,346226
11117,424042
6755,436943
442,661633
18499,607078
16870,741488
14479,802707
1201,602207
2507,512918
11293,427375
20080,792214
10454,350876
6060,882155
14626,217997
14110,535933
7150,105977
11284,1387010
2055,369954
18477,2181228
12824,85624
7663,1182525
18574,363296
21138,560395
18249,675267
8137,374699
21009,749971
7435,626825
12605,819786
8268,526208
14171,47323
10378,911159
12540,396423
2073,194866
9093,447269
11364,821271
6405,218291
10272,22406
6004,675706
2893,533887
3069,466870
4707,313651
18046,444294
2510,205936
8500,414240
8876,570165
8093,687424
20656,792510
13538,338581
10200,478556
21157,678106
10937,279404
7350,856356
13112,328773
5508,563776
19488,337195
1772,697643
18636,749681
2939,494419
21360,215880
1073,792429
9174,111600
19493,495034
17562,143004
16648,574333
15107,175980
1455,248464
20383,424449
17718,484230
8547,375657
20116,432123
18261,653854
9332,179560
19498,149295
16047,209827
9090,410185
18673,369017
8026,267664
3153,1387621
18468,84857
16786,654362
18530,204802
20523,624894
420,445762
12586,1160096
7065,392067
1440,1171961
869,298291
10618,597764
13153,905789
6201,328738
11341,518093
776,428628
3917,333394
15169,673397
12316,665673
6821,544709
13557,424510
1383,701114
16980,175497
7597,718880
4856,129277
14514,295302
14753,530292
4207,354247
4182,635609
8126,180429
16743,133766
15600,804464
7827,810765
2641,1156132
3987,560188
16721,738219
2028,277132
11103,309008
7812,260802
18184,370798
15029,235144
10012,400037
4158,807548
11562,389208
2797,531297
17997,535569
18301,637480
7210,663993
9527,830531
8955,818113
12082,219957
20763,762069
7377,729156
21367,878452
4610,222747
4678,678733
17555,714729
5234,586076
10633,1038015
5029,1133739
19243,741632
12614,895375
15844,147516
35,847464
5793,675006
17474,1415088
13531,156788
10754,558188
2462,587043
6469,308276
14823,563711
15679,1340064
4403,421993
4289,473084
1427,360506
18689,378674
2232,382835
10414,134251
8391,347452
6596,562779
15523,251859
9241,722394
19425,824399
18799,374626
2141,-47139
14641,171857
1945,1516047
11234,518815
12222,532635
2539,348186
5500,642552
12224,252544
19471,879864
2483,571520
3669,479402
18421,243828
2843,323726
5036,152089
16362,637332
18098,843726
16269,517878
13032,534556
17992,319519
18025,498928
4349,344671
5739,1306093
8953,600936
9532,399708
88,479361
5221,594203
1633,345133
21268,476241
9233,419675
8316,665148
1296,804289
6923,379016
5700,280355
13459,453670
2868,700159
14674,650700
11441,796017
3920,577908
18295,439509
11622,381305
3455,1299956
1054,618733
2985,769864
7045,759517
13865,56029
12307,391860
407,171404
9907,579901
6383,830891
21073,750746
3312,158237
953,874722
11983,430812
14934,412786
12395,496770
17002,872421
16165,414820
18125,307763
5299,229026
4891,519389
2996,413289
6789,415208
19553,546719
16505,465558
15301,368829
13120,738283
801,1081022
16574,159524
17017,440540
11221,872290
19526,1017354
5282,878157
18266,1423314
4806,630255
2784,523902
7380,743967
14897,354820
21488,685618
10890,195821
20583,792555
4677,346294
2039,448388
14722,137073
15949,116875
7225,255953
2918,307770
12017,1010249
3145,481282
1189,336556
4380,458580
9918,534509
5480,982129
10801,490050
13756,15311
5244,416621
1798,483967
11477,445195
17528,150867
3782,716683
1359,594094
13642,508998
20332,481736
20493,967239
18237,638130
16474,250815
5853,435239
19194,905701
1084,676999
5246,177040
4370,823196
10901,380116
8454,271519
10258,414140
15796,481743
14030,1668155
19623,224647
18561,235139
18334,574780
19472,78811
18630,513721
4386,611965
6437,94125
482,942960
597,826199
4017,767863
21057,970948
1433,1378750
18065,395948
17890,452214
5028,474220
13106,568993
14055,121807
3629,361372
10215,199567
15094,509182
12046,272038
1017,537025
10408,184877
6890,314743
18980,925374
18348,270054
14164,283477
2079,954453
4915,906526
1524,485421
9444,404235
2336,330042
8723,202492
14304,396047
3475,574882
6377,429763
17013,900457
2098,626319
620,339451
2806,531338
11064,320254
18695,530683
15778,426573
18371,401712
15213,953713
12268,419840
20716,265896
1520,271795
3289,200198
1114,464156
2000,520583
19710,874072
7968,517183
5539,218104
8401,443211
12897,468333
629,720599
21090,709651
8578,860031
6111,176053
9296,428106
2459,739721
20549,549543
20113,162844
17242,587187
20298,351572
7422,281842
3874,104763
12886,545624
18730,542635
1530,1075507
941,410981
10907,725896
5919,955111
9036,604439
21406,431789
21319,602197
21584,303547
17491,330099
5595,358327
11257,2252743
10065,378611
18277,418260
5126,424529
15069,693893
19316,228210
14212,845046
12412,712368
4797,391319
6055,192927
1758,542529
5618,577680
455,857658
21006,232189
11936,832213
884,736725
15175,486500
613,592120
2560,769954
5794,649767
8755,37183
19212,499770
9750,914857
4316,1175458
555,883955
8277,1039217
21274,513380
19745,403407
9375,1390564
20244,1131049
15277,910085
8129,403496
7622,532723
11697,1017841
1991,228625
14134,384926
1604,229821
16236,175668
21045,553627
6529,237477
2114,220283
20652,689094
20319,338603
4084,188356
20768,577285
2786,432329
12546,164433
3323,418341
4570,465222
10121,592188
4140,1074183
17096,460758
4141,372886
14787,136029
8300,472511
13775,683492
14861,522505
11166,524111
6968,664101
15457,377098
11614,219806
11919,453060
9013,606801
9778,665657
12846,950770
2277,567849
3087,214388
7218,563812
16971,214209
16699,196514
14590,690737
4077,584127
15909,494204
2958,996787
12108,506004
1621,454375
15922,422235
8375,1110203
15170,407316
7487,567477
1578,537761
13286,600787
6869,175632
12764,585503
20323,559711
11288,556547
17446,625870
19340,748442
12436,228561
2717,1057267
17340,175772
17299,252323
9190,471734
11148,265449
13371,633517
18108,279624
7473,399220
2182,347811
5481,620964
11450,434288
11203,334844
8076,536334
15510,253143
4593,785912
13978,998065
4,379803
12995,172578
17511,752006
20806,519365
3660,437749
8487,1062164
11417,993787
11499,381285
9191,282128
7815,792482
2528,804128
196,598228
16365,207456
13380,576138
5265,214363
10593,750290
12178,658864
5837,135085
7146,721734
3003,339562
12983,796259
20735,382344
17132,214844
12438,615577
14600,397423
11535,1670339
15196,840396
13393,383234
20477,419489
4405,451607
15636,184230
19763,444527
5558,435720
2644,1035315
16268,931716
15183,342732
20787,478713
5903,466826
7772,207263
7511,300108
13429,355173
6643,515577
8145,266131
10194,381276
7272,1266083
1012,868956
18215,456569
13581,527573
15702,836211
8019,277870
18089,297865
21608,491495
14879,1229303
1544,628926
13680,182344
5728,595633
16075,345688
3310,388687
10543,333820
20337,296282
20067,748416
9336,438507
11,515949
11501,344299
7319,429347
8157,325272
14541,568204
11313,658754
12746,504521
5774,527870
13016,438107
19567,157614
14277,474733
20063,463447
18721,509403
792,1173479
12403,274015
7429,172784
7501,800557
7202,839228
13533,268692
644,295930
4286,361269
12889,155114
21038,358020
3780,501294
21558,715246
310,1018352
8259,566190
20817,473698
13249,1123181
21043,288947
17805,395750
5616,665255
12819,328895
5041,282559
2247,419763
13175,605352
20962,94174
9046,283201
687,340987
6801,681645
4218,1772591
9520,416632
6974,207802
4567,392242
6889,259739
1792,110044
17928,295061
11843,1224079
12021,416852
18172,188028
18669,602145
3914,3290084
370,339754
14013,1240028
387,315127
6020,341878
3298,654077
13559,253721
14658,256116
8571,577970
17326,46845
1863,721451
7193,485897
3019,158033
4527,197634
20236,734789
5507,739798
5281,730426
2047,497872
1915,580346
18364,263480
9738,371903
1622,1271039
17529,530491
13403,1025423
20233,1677963
5886,1021604
12140,607933
10552,386161
8988,712918
16467,486655
248,341474
19233,668869
2664,703974
1332,599404
9088,195681
10407,1051070
10208,503753
4615,332095
12207,805215
8363,473796
10724,341796
20462,223894
8904,778780
5607,861157
6570,406222
20064,472290
15721,565210
3267,911853
4860,672196
10186,159204
16114,267311
16370,233718
4106,1276760
5206,896385
2776,156370
14394,686284
8275,135691
18466,260297
16683,524063
1960,656957
15443,570204
20037,762445
5869,371678
4211,1130814
19529,1425004
8498,504385
600,374097
13008,310360
15258,1628979
6668,837715
13002,1038704
7899,357143
21264,602531
12647,212767
8564,434414
10912,543864
8976,830385
18920,420713
20954,611882
15065,428759
7842,458114
10599,389542
332,452620
10925,711382
10217,775252
15635,162923
3208,380399
5115,606088
13969,455373
11864,563853
5953,686742
9226,678137
1104,647925
10766,891059
20220,87281
5119,131740
1747,462900
8973,422968
10429,683383
16545,464548
13527,907204
16132,373165
20558,697149
6839,350304
19007,674595
10204,645579
5604,223723
15825,1133225
17217,451185
8291,373470
2385,316335
14262,924850
20724,555936
6463,321542
10924,488893
14283,16046
7638,362066
8162,467780
16017,641808
2951,715824
9405,389138
10064,399195
9009,234083
14869,262415
1513,233545
17768,295818
1599,481214
8842,408989
12390,285051
16828,461112
3501,726687
3847,387878
19643,1029918
17300,761327
7372,640608
11175,194140
18003,485907
12030,241562
19860,164073
18489,553409
14319,380458
12297,959310
15000,163412
2012,741341
4732,559549
19162,549158
14642,1025018
13750,685641
1715,439464
15049,1722569
201,389844
20825,418880
15182,619543
12092,320609
21253,592593
21586,478191
13609,518617
10172,565392
5606,427430
12131,251672
9410,626787
5384,507213
11945,1251443
4884,468977
9633,208670
14859,1163466
10865,445203
10930,573950
21602,77216
2370,771925
9528,449951
11740,644544
7160,817536
21155,324277
1282,1196850
10579,287400
12993,288166
15482,2404949
12747,349747
20745,852208
14524,451929
9616,526276
17007,398353
134,670746
9018,622062
17687,255802
3253,596976
17627,472656
5459,675352
7040,245515
15298,279496
13257,1193982
5754,583254
8623,-96206
8572,373177
15359,494620
18806,1019184
19624,887218
19401,137740
1463,528356
18679,398518
5120,320193
199,228565
19311,411350
4127,323432
8202,553880
3991,329041
6826,628097
15863,474186
4639,575655
15043,213864
9064,589896
8343,500866
10211,254559
5694,431919
21534,591446
11351,322342
8305,835780
4633,972066
5191,468541
11730,600961
3347,872989
7818,696991
7287,360613
10678,341932
18727,209703
7659,785784
17271,433245
3875,579367
8370,471416
21223,392251
10449,855627
15592,1573546
10341,725763
6202,582444
755,215464
6948,370843
9625,261429
1827,545970
17306,1056174
19612,881348
12200,332020
13372,580614
15131,41140
4828,687843
17572,131319
3563,474608
3148,653757
15680,781588
7008,1430579
10199,516906
18255,451033
8201,299670
20022,376916
2874,546445
14355,734755
14186,458151
4620,246217
17671,359840
19852,565958
4784,444189
4954,495109
69,866591
5729,803608
2621,497831
11371,678365
10861,575083
21568,1176477
15537,541526
444,202377
20655,644344
8573,736230
2078,284549
10775,566049
13852,433397
15407,275052
7767,30111
9081,491316
4015,1000367
8640,227476
170,344718
18313,790841
7841,376565
13118,422883
11598,1209569
542,533499
7374,275357
7819,191814
1297,387160
18481,99848
16255,400636
2123,672133
4438,479862
16785,124400
11840,456854
427,855884
14878,770593
17378,-4031
9359,362626
17427,419452
10278,1075891
13600,520081
18895,327654
17284,475837
6562,433803
490,391711
15576,523447
1976,687528
12242,397550
1866,552858
3969,618839
7,102564
339,385091
18068,465077
12834,71057
11518,672279
5522,607012
6095,903551
10931,227790
20429,545038
19941,425631
16860,415697
11181,756455
942,534257
18370,229250
4468,1292991
5631,842659
3380,682824
9445,256960
16523,581171
12942,227889
736,598884
10439,332326
10854,504048
20034,543687
7189,221804
16932,519153
12773,463986
3640,243245
1148,763999
3697,629117
1253,512684
16897,1189196
5792,508908
17387,351692
11188,497534
20081,591096
4625,362698
2036,712341
20540,497684
14405,621306
13411,2300883
12630,347759
3543,443751
13561,342369
18541,557403
14994,211446
16072,452268
11464,193096
10125,771846
13146,813241
4563,99303
17510,394706
11183,275555
3600,197629
9594,216794
7214,520368
18141,267935
4559,1078985
8777,561069
4696,1243389
1242,340105
272,329307
11018,1154648
10994,453999
14424,1012670
4733,993515
17029,232733
4792,690682
7483,482665
4310,457365
14637,401126
4314,822122
8061,396393
17251,868201
14258,807299
1304,206270
13301,141667
13347,491300
17205,850766
6558,862858
9815,99255
13837,439374
871,458669
7930,259716
16936,438304
4838,415333
4785,585230
12561,1163171
7167,574874
3075,676358
10876,322694
6654,690824
16973,572648
14689,821039
819,182342
20246,467845
8084,611023
7996,499393
15112,752426
16219,494311
7177,401177
21456,413989
17175,526489
5973,164819
17281,297988
21386,807417
4726,740089
2745,943456
4907,723578
13582,252563
15300,201761
14287,767470
2647,408503
18268,284293
13245,545036
6183,561340
20443,424139
292,509487
11863,395246
5822,257432
4300,224708
3057,279081
1698,381591
6443,401755
17841,130297
19757,284808
2029,199646
19991,344211
6927,447488
13968,187180
10488,500002
8866,165749
12351,980055
5071,667051
17976,425408
19127,698885
8483,814865
18383,469412
12673,434096
15344,215701
2151,474829
20518,973789
4622,626277
12235,889161
10802,630782
8338,608321
2739,570887
3435,32427
9396,274189
18876,721044
10819,371412
10958,1051745
994,157193
13474,592356
13520,374260
7652,1530995
20923,1534549
7259,494575
18549,194348
5461,628981
7572,446370
12247,261514
20514,478189
18006,405777
14650,734478
15598,570310
18154,842535
239,960543
14167,562668
18480,461695
15733,1141888
20082,484632
435,724970
17026,601604
16841,519606
20951,686829
2278,632215
16906,171679
11564,310254
16137,678247
5322,584859
14049,393641
12651,750039
7890,169111
9300,447876
7323,417622
14078,858080
9631,323081
5421,77985
12504,362897
16140,239232
7649,546021
8497,308969
12727,549177
6995,385192
17980,1536356
4711,452979
11790,137673
7552,333945
16939,510443
389,342246
1565,990807
20377,583286
16157,753785
3135,233911
17286,706154
943,1079866
20243,290770
296,172671
9861,1106294
12728,850874
2894,973488
15558,391031
1186,218400
6158,575244
17938,871569
11872,218699
8920,245686
9683,349550
1393,476693
18797,336545
16935,231942
6660,516921
11025,745626
18228,183091
4846,705071
16999,395118
6863,325132
4864,437199
13100,639362
9253,1429583
4281,596824
1124,672556
9114,759689
17023,283710
9252,1477270
662,390400
15991,719187
15411,314618
14539,438546
13185,473907
8003,895652
11336,623743
15927,405750
16204,58353
4755,270859
15740,863494
3976,121277
15526,1146498
14770,35517
17963,552192
20871,724843
18243,545551
10499,1217146
5543,480460
3439,1037663
20016,575865
8983,649884
3579,486041
1968,289365
4383,193246
20105,526288
13707,366937
9117,1245138
5499,203722
21412,328318
11302,370300
1674,798938
15050,735719
20860,462736
11520,550242
8546,981450
12399,407234
5569,597346
1432,319988
17082,403195
10743,414732
5576,133546
6483,526160
13638,1011004
18372,494366
1154,877848
3809,570574
205,801310
21503,539461
11096,384053
3194,720359
4664,301557
4014,765300
8937,365695
9912,301220
5736,553640
16256,467549
17362,1103437
6295,532425
7461,896579
16961,418380
857,736270
5094,639663
7595,214708
16320,325896
2780,715855
1684,755138
9586,618354
12783,190212
15093,451901
18411,462564
7837,420323
15970,486148
15339,485518
18018,307501
9289,550541
9737,1603988
4617,377478
13282,605711
8681,403702
10761,351893
2273,499069
6155,283912
2879,261409
1390,518692
567,730455
10198,408399
2610,352697
15153,329508
14902,483398
13940,962033
21277,413690
6378,419441
8987,693432
1989,512576
2476,449360
5877,763826
6670,1390059
6283,689713
6540,775684
10813,719521
10545,778820
4352,443346
2814,602457
3613,469463
18399,333796
16249,868658
8119,292213
1481,261171
15198,231826
8677,573429
10373,2191578
11228,150624
804,255060
2957,298584
8891,291418
14740,755396
9068,270901
12199,1214115
21504,705783
16941,786204
16010,622168
11576,645373
1539,1588197
1852,434374
7668,1201182
10176,896293
21361,682292
9994,1324776
2164,280519
16086,391182
109,435729
10053,352204
8066,467697
14323,490552
16402,548500
19642,556539
6154,946683
8870,484468
1891,562680
17049,486509
2556,251391
17632,885047
6544,431450
14785,530380
20783,489931
15615,373200
7822,196886
7539,811336
19402,1016893
4747,634504
10475,513358
5118,439615
7260,708043
9186,753703
11143,53824
13226,552808
16741,1185379
13069,758508
17702,718079
7124,389059
13637,508172
17778,823037
3406,768674
18919,564714
8451,627478
7149,643821
15121,392059
2620,1464002
14667,497858
14990,313045
19766,545412
9645,489150
15073,827185
8910,1509339
16163,90384
13289,363221
1360,757929
10638,536224
10077,655055
21306,410626
18432,1211529
20128,576545
11206,501731
17936,451293
6491,314291
18771,436795
2265,249604
1270,546851
5260,283760
9590,557427
4290,-3541
14206,871328
12944,424038
13433,1276960
12244,767562
1288,354123
9374,476199
2156,331633
1453,212576
9197,460829
11449,320608
10062,572023
18174,487441
13906,520017
17080,946161
13674,358008
9628,892738
18898,322348
13588,247375
4670,438405
19451,255207
12698,133398
7664,110514
6673,149851
19929,428673
1190,488685
3308,431574
3064,614303
4765,435926
16982,572404
1589,358144
19801,386678
5506,609651
19999,664308
18725,368101
706,467704
12066,501752
2877,5362
9110,1146451
106,464979
14227,340732
18084,28406
12303,602008
6729,702963
15082,435868
10790,398340
9310,707236
21178,863839
8534,635487
3695,510171
7100,618626
13916,725436
20453,859409
21159,464992
19814,1292928
9602,665419
20842,351240
19484,1312967
2301,233458
5617,1194203
9286,620113
10828,820920
1921,1539967
20182,385642
5902,1135983
15442,342642
7024,658997
1251,363416
19716,560477
15950,310607
4172,281191
11604,613892
11052,446170
1899,280520
8227,1059156
12084,463559
8213,180834
6468,576252
10616,764355
19412,481505
15313,429306
10910,587709
16600,473564
14231,668868
19720,468890
13230,476851
2729,314383
1224,796585
8862,1235138
6,247697
13129,629537
8462,232343
6054,216820
4879,709988
11558,738621
1978,843826
8308,514193
21010,710110
8668,340541
18216,522924
11900,442378
10734,393585
1936,494884
19195,276166
10168,661177
11585,375627
19953,183097
19144,233345
13946,501068
6741,349078
13595,113831
7187,561335
14032,2056759
9490,358434
4167,432120
15037,564021
321,448446
6864,687656
3983,671805
3472,373640
4930,231363
2544,318420
8416,235331
9739,351624
4355,538331
692,508168
15630,415463
19823,1506842
13740,733193
6901,655186
11352,1044393
3368,579544
17932,706083
6238,315498
15334,845858
5930,415981
19693,477663
13504,494403
21378,200894
2275,621033
14115,161529
4530,76286
616,319753
2548,219915
20620,1014459
3325,843020
4365,564402
20961,230702
16267,828391
856,216870
12145,89170
563,988159
11440,1020857
12969,402447
65,835179
15542,201278
16729,1555735
13388,238208
17243,138301
17308,619842
18117,512058
14063,672899
5916,205621
1092,662812
5567,581778
8552,303100
21325,666454
14393,585121
17109,641900
13259,510536
13822,430920
2238,430819
9319,545313
18949,537936
255,714242
7168,536619
21532,1154710
17410,335563
20304,528282
5657,496394
18542,588722
1831,444962
18726,738606
19317,476294
10354,597594
17236,239534
12182,434321
1320,331120
16063,243483
4894,213314
19332,232259
8456,381555
12201,445618
10437,460370
5335,514752
17473,779573
14459,460147
2904,1058752
2552,368170
19229,517215
4139,337537
15983,142526
16587,692810
17183,590928
8211,181221
13298,828389
16669,505280
9612,667937
6279,923565
20499,972351
867,293279
4467,340220
17966,298388
9770,835660
14832,434601
5185,307527
15908,441222
9914,1210435
9379,201894
7243,484181
8916,479365
18656,644018
20572,477804
13685,890434
20048,748551
20533,156203
6256,439147
2219,562228
20887,471778
8971,418571
287,443789
20410,206979
19148,1860159
18498,157783
17316,471707
14255,993954
21569,346749
3854,907112
5313,388081
18784,179087
21471,784157
6565,210728
17756,1328728
14693,427280
20681,868571
20153,351355
4398,280768
10320,278126
21570,364019
8780,558692
17233,97595
5004,576852
11761,1016371
8304,209031
11932,208158
7999,251257
7198,259790
1105,562717
18677,358101
870,658875
8923,349154
1366,532107
11179,438823
7207,414522
19082,447003
17895,1184277
5396,1018323
5033,460537
15707,629710
12777,3067279
9180,302869
9698,447865
22,317590
14349,548723
13868,355279
21261,792507
12109,308757
1981,721578
12712,567918
7037,214356
10355,307764
4675,711245
13048,701937
14588,494651
18511,1259171
16849,525796
8224,1522999
12344,475194
3191,587624
20556,470541
9705,784172
20252,841995
8172,532312
771,356958
18810,449280
13992,133059
3351,326941
5463,346075
16569,353097
654,108609
10153,1246999
15997,534167
6525,444316
9177,428073
20837,706049
6083,400334
17552,507648
11767,724757
10753,254114
11130,628370
9171,493639
966,236081
6669,775271
5417,646076
16028,859494
7121,488725
6685,315525
4485,429439
20266,639570
6207,414751
5946,446430
20164,361746
19819,1110521
13315,552914
19614,663637
18311,555033
19030,472457
7877,486189
19441,419146
1150,431959
21511,676494
20613,353822
8816,917902
19918,209876
5280,435008
15994,434528
19840,318992
12392,429138
7285,491323
5721,184853
2518,593799
21195,318839
7849,-16986
19411,204672
3699,541664
7476,827876
15229,1101675
17457,460940
10570,523759
3880,292170
6967,266918
19786,249083
9938,639056
16101,508670
20403,407507
6957,265505
11145,895009
13229,553029
1728,481746
13453,906810
6332,517262
3339,170691
15533,531056
4641,913411
3729,778347
13700,1537191
9675,507454
8136,1432427
2007,979332
1416,243200
16748,306507
14235,625196
17188,537560
2088,1256529
10405,1067102
21129,403803
3933,430383
2097,1159590
14043,748939
5055,615333
20576,545457
14923,1046947
18782,1344217
3158,529189
713,181820
8226,272941
1699,539116
793,162816
14984,791576
1339,620509
20194,403096
12932,721732
8400,243304
13611,383419
19906,629712
384,1393565
8819,933246
12809,532527
5476,328914
3862,248668
3519,1675192
10107,218865
16045,341738
19169,475754
14416,586856
4841,606539
1191,186047
18962,325508
19034,333831
6607,551048
18743,566130
19449,450334
19547,1012230
13172,584872
19409,116864
10735,587352
17196,436560
2137,353582
18224,289486
5570,44359
9942,402622
14058,308079
2320,1232770
19314,312596
10589,295372
16863,508951
7240,468422
2935,218599
21346,755448
7640,565286
9474,831315
5593,214318
1506,791740
6350,297693
13687,777745
6912,1060666
13523,436491
20936,360247
17532,561580
13626,380228
6495,822345
18602,449190
14582,632835
14972,1116774
9165,123188
8102,262886
7344,892964
5283,499452
5276,291615
17730,427416
5918,196408
3244,152394
16800,299200
4660,755204
12484,238874
5106,394700
3690,111797
18777,557066
16566,419571
16048,314046
711,305651
12686,158542
6806,109959
20585,714738
8879,331385
3278,1077124
13599,670705
20202,714161
19570,304504
15336,254365
8598,227442
12069,521364
7356,710928
18100,639451
8799,874417
19755,667068
18645,501057
11550,540970
5444,161917
13340,372970
21096,609427
15791,364119
21451,122421
8767,185817
21121,365766
11888,768336
17272,353605
7353,335889
15603,272143
10804,840969
3486,174620
1281,260123
14727,1017616
15564,47445
13156,619788
15036,262236
10490,365394
11755,146317
12512,96789
16693,159324
18028,418742
20125,934893
3011,544790
18071,1180268
13517,767009
3128,682069
7484,421077
12234,646232
8075,464612
14490,436385
10883,288959
21463,293033
10091,849199
10789,485518
12724,424723
20590,775398
18842,257012
8646,871259
4110,447749
9431,228484
1147,596992
16500,242576
19548,327451
17320,500958
14629,191597
7234,352814
6753,340392
4079,380834
20818,1020451
10300,312973
6793,722734
16296,614172
20017,293843
15259,490874
3832,378061
3214,645750
13234,812346
9014,522202
14333,413054
9185,180335
3072,480148
15279,600433
6500,916677
10568,293997
13794,599758
15085,523842
13005,481419
494,459343
1183,935238
11894,709882
18637,144936
11396,434276
13385,731736
2770,607754
11065,742089
21437,201707
16994,410867
1714,923538
10356,565737
19940,711007
573,1017301
15768,993174
3364,382979
5259,60066
12979,841613
4516,278951
11679,960910
11669,310427
466,418621
20423,247936
6985,227739
8871,360779
18169,681864
18578,235666
21044,383683
12094,666262
18474,473850
7105,261768
142,318758
4698,286466
4546,336066
18803,623367
5350,438472
1521,800253
2878,219138
2795,493210
7593,426672
1548,248936
11618,336678
13741,1057938
15010,1298622
433,260657
18214,358499
20595,485656
8120,723952
2080,432927
20722,1027556
12419,209339
4779,888091
6774,414619
1685,1156124
15648,388656
17741,869008
7184,397304
7370,383844
385,788091
10739,101818
8069,352867
135,274565
7856,744066
911,554093
14278,693663
14868,323949
11222,520693
20938,350377
13275,658848
2702,719300
8580,602875
15423,182885
19798,408313
2223,260247
1941,1133676
19087,257440
21244,478503
17069,398111
16314,392123
1419,394233
2588,440609
13460,491736
6712,243173
15365,175862
17889,530283
13542,1325976
130,69605
1970,304399
12789,20454
19604,498978
17105,536148
14888,722140
4111,770363
11996,172548
5655,388748
7855,288397
5462,1039477
21470,90430
8325,1146074
12015,146946
828,379820
1957,468261
2027,742984
612,420827
2369,656254
8290,513619
16343,1173310
3746,420955
12797,223158
1806,573093
2512,184764
11329,437964
2670,433082
19815,366618
18020,340485
4117,117383
1924,471530
5291,346219
14566,139807
18105,747039
8588,1051988
13729,334367
17153,649861
1302,287208
3733,834423
13995,308521
12998,403365
487,303503
15577,454859
16434,685336
3623,424912
13059,275261
6356,181192
1602,700921
6353,263216
119,594888
959,524593
17987,430685
7238,443071
5129,1014270
14312,657112
16432,372957
11579,105713
948,380040
3117,525228
16396,738659
15840,1310132
10090,296175
14317,379072
12613,1652319
20845,403161
2217,592747
8447,610679
11389,413172
8576,433074
3810,898608
2434,380543
125,948854
3337,480334
6105,225426
14192,925959
20284,210144
18514,337627
5104,481143
6458,1039694
10109,765952
1060,298738
8499,343113
10653,361174
19080,833259
5804,242140
3631,715212
8900,365844
6587,756440
8233,457862
5975,180355
7889,401116
11083,596426
11544,758542
19902,543966
17009,189144
13938,770976
7440,986200
20318,534705
14814,772839
3283,826490
2460,396280
12262,500236
5377,826009
14837,490167
10596,650168
13749,284956
2465,527194
6881,854338
16942,684095
11898,597801
8797,713078
21404,371298
17801,411047
20764,289662
2285,226357
13350,865328
19376,558036
3091,1562944
13276,788828
2144,526069
20586,665687
20571,564334
14500,672818
10850,960963
11597,266501
2445,376206
2061,425951
4694,382273
12620,704011
8529,99885
10784,1026302
20998,752648
16361,269346
16640,410397
12538,525741
18394,166619
12598,413116
9409,858485
19345,852332
13727,579988
6139,515798
14162,241555
9328,379904
4523,808889
18778,326379
7591,276977
13724,360422
8360,402231
5661,586064
12289,152281
986,268256
2543,547138
1691,149964
1933,683455
8877,424449
21101,293057
15401,998327
13918,462729
5659,632361
8589,797496
20892,1054662
18579,139514
4067,552861
7299,389951
17245,1211390
9935,1048760
21601,484719
15438,378222
10547,378298
20010,1612835
11724,367599
18983,188788
13333,401424
14742,503322
5065,974407
13884,748443
1217,1448578
13000,403228
6865,487234
15678,468573
14232,1696811
5860,620567
7439,562624
17275,185778
15021,397159
6909,465578
13928,806340
4476,513485
2617,272759
10060,605836
13891,254669
11573,753671
12342,274991
19881,878333
19321,587699
9828,231658
4222,132787
19950,748693
9576,364874
16893,276341
14567,504326
13811,152577
5044,754535
21438,488453
20397,555176
8528,577159
18992,1300170
16817,2157412
2368,571795
15270,626075
5307,1328508
12848,236834
10601,673702
3676,570580
20942,462388
15319,644064
10084,1167275
15199,632089
6823,886385
17079,723716
10778,435367
32,600175
11264,645445
2980,591596
18712,367201
11845,215932
18052,-9991
16830,384813
3361,284263
14102,780713
16845,645934
19564,1373270
3354,530161
18450,323582
8091,321294
13816,256089
3284,1065198
16315,236318
14755,210043
15828,1680409
11875,484894
13565,837791
10205,123773
10401,528367
21342,670125
1967,816541
9577,520964
3894,257095
3946,584415
5457,546899
3608,316895
16592,465984
20136,1126493
20251,824040
11163,445864
4469,554338
1541,499707
6824,133242
11745,209914
7438,395325
17910,539127
1338,737712
20340,1411987
863,1002065
4280,410612
18429,376150
2563,995996
20648,652803
14489,528804
23,166775
20265,418641
15750,534205
10681,1001397
6246,548178
14828,396602
878,35719
4131,403519
1462,177027
854,321953
16414,546196
20078,332225
12099,452474
10752,-17928
19589,236919
14423,250210
14688,704896
6555,153405
3586,1518250
12626,4126
9346,742659
3261,143397
9759,582614
18241,534873
11212,573038
1177,517693
3609,58424
8659,477238
6560,622493
108,846832
10450,422471
10532,140621
14248,362151
20190,358236
14666,352879
15262,644667
13752,619933
222,626562
21405,481646
13479,1188328
11721,236807
18300,621151
9369,713843
8170,554883
21070,257795
10829,257052
21289,396564
3871,1847118
28,489885
6222,857077
16749,613296
13210,539635
15225,341535
20987,665170
5287,392680
3785,307770
6505,322529
11746,635936
18735,266384
5226,80048
16486,240489
17337,439271
21593,1277762
17360,817108
3449,506824
3926,948824
6141,190914
12102,413366
14387,578901
6844,268917
18328,1720030
3039,1495753
7598,394736
7535,209611
2332,400312
4282,672732
10087,175189
14386,310778
5988,539853
14576,520301
1897,479593
17668,502124
5166,861832
5284,-63690
20391,705486
2987,314923
14794,136676
15125,773881
18491,608466
12649,359398
4960,613373
8855,442907
1280,566969
9820,139033
5865,233221
17418,254208
3903,626556
5985,646469
2785,323745
10582,655528
3520,417423
10338,872261
12325,342470
18586,224508
10158,610192
20840,823990
7655,702577
20570,522923
7239,41322
12703,406225
5878,498408
12604,580921
12829,689612
15132,794293
993,248244
6407,368779
6187,436449
14184,543673
345,104334
412,680746
13201,652389
15281,405254
15303,827479
15079,468838
2245,498949
6672,747138
17608,852846
18239,476305
4208,375642
2771,349891
5599,658425
6885,334500
12394,41442
17782,-15996
21177,446104
5647,551385
15473,711751
9210,486383
14731,238230
2051,278608
6934,116591
16110,1210534
17020,353339
13546,486534
3557,583122
15302,815111
7042,75888
5818,457216
1818,1235864
2635,145191
8112,198479
7670,529104
20602,546912
12875,474195
20057,329077
17915,390584
16346,343570
11901,575778
3951,733477
16909,574986
9729,538161
14247,215863
764,564187
10139,703215
308,493476
11300,85238
4170,798723
4492,568814
5085,531804
18368,390377
15091,553936
15761,360033
14426,264020
3259,576553
8778,352446
2226,654974
20456,332480
21245,519802
18418,537950
3981,288128
16079,598815
557,159353
15053,251369
14491,557033
20552,333446
16251,341199
20331,627535
14130,389419
20700,708089
6426,235726
10584,781986
2071,890400
9365,524900
19522,395818
3821,1525964
16944,1316337
11955,954439
11332,560960
7949,652424
8688,621232
20597,406705
17343,142280
2934,485868
7629,330366
2960,392342
12516,428454
12841,476424
8502,143035
16005,640826
16995,914527
6189,838064
12634,462827
12835,241296
17348,251930
8307,145610
12923,690274
7013,853719
20984,405240
4421,409492
8292,540494
8236,439856
18148,250003
15859,361840
7014,730189
6399,9482
175,535577
8319,245674
2109,357798
18181,263137
19826,409255
10932,633345
21357,822567
4774,310926
18426,799488
18259,741233
1204,188783
20767,1947705
1160,410336
18594,1823851
5977,186105
13712,494467
16325,284139
20123,516845
16716,61170
18097,859053
20550,467776
636,140718
9254,3049717
8158,307723
21291,302958
15145,669821
4426,1502601
10277,643625
11195,371534
12257,614275
14382,574574
19364,179368
1504,1205915
10535,538584
4484,752987
8846,319186
1810,680046
13158,444865
5483,70265
9047,290098
18836,594088
14270,457268
1789,447535
15475,363586
5440,770862
10068,271361
17854,804957
12751,508481
7725,541607
1315,2742507
1488,380656
20839,415651
225,399541
2105,342946
14906,213877
13093,401579
11223,250253
15076,467901
15429,262129
20828,1172806
6354,308608
8085,526328
5519,375906
6892,493358
6313,808169
3394,698013
16877,1113465
13127,287676
17697,415515
10700,190022
7067,584462
3372,593680
18374,240710
12487,680315
21224,479557
8634,504881
13985,478433
6181,338261
2356,1060890
6740,1265388
9924,638366
10619,834740
6211,519049
13368,621774
1851,483787
9689,405571
18936,517416
4166,708415
3118,351525
8250,525814
1822,305074
6369,355106
10706,596507
17311,492792
5670,478783
2050,307290
10054,659421
17845,214251
12775,75872
15461,707920
1047,520492
3249,369118
3783,298317
18807,632471
3603,828863
6614,574386
15692,2152189
13290,185747
11793,376561
8373,317553
16103,314223
13823,646296
18707,347247
967,475346
19282,382770
7917,714305
5534,419763
4575,522511
18654,257685
13578,331112
16455,87490
6746,96587
1546,488855
12682,1276030
14492,522253
5863,370266
17356,978683
16707,270364
1005,513361
7580,677581
18275,855275
16507,203290
3860,584750
9835,608457
6245,439035
10922,292647
20367,362097
7686,401637
21102,844634
12031,241562
12218,494058
15501,776139
19935,607614
18518,352297
2577,321478
5489,826019
5264,336613
4464,385331
6077,909789
18625,601222
19076,46030
14070,703087
17177,1132858
11897,595682
19773,402678
5473,282760
697,124403
17837,525804
9937,541301
18548,769600
3694,575520
12274,479971
1533,892245
14719,213889
18999,515731
15772,774052
8431,326231
5997,211921
3913,306943
16339,54600
14083,2377825
10988,349622
12431,660979
18415,972587
211,552400
10382,918409
11593,320976
4788,657089
16503,587341
13219,732266
3216,514626
20142,694794
19535,579410
7692,179751
21517,431181
12493,266639
16680,129685
11852,298769
16561,60559
10847,672477
6790,415208
14196,599800
16986,658922
19174,209723
5760,1508095
18783,810751
14071,424428
3344,1441973
7252,3389992
20905,477769
19673,363179
12284,602905
7003,535852
15372,574296
10573,290541
761,390681
16826,192650
8372,421153
17469,286046
7081,750010
19041,795858
8240,513986
8231,577316
18663,390031
4913,340897
20532,318351
11431,277551
3835,866906
14203,149597
10848,529308
1377,327439
13432,264422
7736,408815
10591,589374
1623,380957
12104,981659
10520,188714
18865,241014
7062,779488
4151,1128479
408,407133
20362,512930
562,892865
16788,411350
3268,825060
9749,820417
21181,621843
19885,442276
11533,872791
1292,10770
5109,439611
17769,451943
19598,400771
20777,170483
14398,1025395
9043,457461
84,250184
11369,777426
1804,399284
2017,611608
9788,612787
18115,588433
19027,702756
5998,779424
5213,593707
8481,208742
6424,118473
12075,-193905
15239,207453
1260,566121
8616,549131
10353,495526
2674,231538
7829,96792
14850,499829
21582,467430
17764,513521
10303,374859
13562,679898
12134,500694
203,169228
14615,831732
1783,275879
6682,455729
11089,829600
17813,708029
15810,274560
20610,502199
7051,285502
3018,400327
18012,885466
20967,711346
16222,734216
13907,1362836
3670,259648
18751,125573
12961,727933
1600,787964
20626,357262
9902,1044577
13571,795381
2014,404797
18504,298444
19698,472557
4253,1068751
6005,341203
20104,737729
7020,236634
2104,262660
1080,192978
6069,604439
4348,682346
9757,422213
9841,117950
7134,381165
15060,780047
19069,360320
5132,791609
16769,464024
3193,374099
12696,907137
1893,915353
9671,1030241
12892,202905
12956,196509
17653,606945
15595,396494
5682,320207
18387,687065
7251,256603
20795,498268
11253,1042243
17138,353661
17906,267445
20378,816661
14090,373849
17302,552019
6411,375510
16057,683110
9676,310024
19077,357376
20259,320399
6337,365521
8032,618401
7860,909706
17829,400980
12718,926809
838,603032
19199,443881
9982,814605
14008,92036
6921,377609
16217,667519
14817,341744
13293,1154443
7338,76931
12571,659924
8168,339776
8551,461420
7609,836823
4184,376692
1536,979318
10033,357640
5229,965139
20671,361398
18529,902669
8718,332607
10628,452406
929,412463
2266,303208
19011,375030
4473,363993
21340,389831
17685,390068
14729,424372
13813,846952
13131,314099
6194,597802
19459,439893
10313,485733
525,585270
3007,631622
703,494078
10834,675927
20833,393492
4994,874089
13862,509564
6085,882158
21500,677491
13115,423897
15506,830130
12767,283177
8063,343613
19140,569974
18739,365552
10792,242669
16931,1113921
10497,317781
6037,400209
18970,489725
17431,817713
4895,580607
20760,807200
21255,640608
9515,826124
6646,387872
1785,291771
10698,399625
11226,1186932
19271,440120
13356,860644
1537,592493
5177,169990
8355,397890
619,239867
6251,490731
21232,191564
13977,625231
11153,642560
19931,422728
9974,200074
4665,371742
3674,216528
7770,587256
18005,993526
14974,342419
19047,402499
2921,518272
19851,595679
12434,300512
7432,1285589
1842,757424
15711,257861
2196,488524
19980,1079422
9763,222801
11048,364044
14094,1025018
13937,209387
14413,544519
17921,556261
556,1405942
5709,520358
5418,540205
19114,725751
6915,669979
20124,391032
38,108155
5800,499973
12862,689461
14855,421536
8550,377734
15613,377202
3858,323970
15588,260538
10620,862595
9270,792668
8746,421397
3000,440278
9216,501683
4209,908183
2712,153801
21429,275829
7280,1349269
13274,570759
16263,769478
11066,166110
9219,411353
5910,457504
11126,304713
13801,344338
3169,656215
14414,167100
6412,822124
11946,362011
15351,340682
18839,373338
7039,583338
18825,612086
13989,439319
14670,466584
20510,545603
12330,184957
3366,187714
10182,307611
4344,1021521
5149,710119
4230,536505
11725,567101
15529,1039079
3245,436853
17479,141413
876,309284
13848,410207
1961,233200
877,510571
17345,289400
1299,168965
15027,318255
1547,541678
12086,445767
16476,773271
7313,2138223
2976,544882
1163,819272
550,823104
13400,1718866
21078,318390
6955,510691
10730,552217
13470,1247914
5238,486330
16595,255635
19039,759631
10344,839247
6107,560738
19358,434955
19768,391679
20848,367087
12508,158797
18338,104113
15297,851036
5096,1151415
1727,580104
5769,1490471
390,388614
3355,451849
8402,218810
5409,498223
5098,514359
7088,137262
10170,688656
6631,422008
13815,220505
3499,846478
20686,223002
4244,718491
2655,625997
8205,223112
15432,637860
5690,461991
21218,520253
21442,378854
20705,351057
16760,595935
2605,419007
13081,370204
4501,422594
17413,560484
17263,500814
18715,1156118
2863,772191
6992,335510
11637,50616
14404,129585
8051,731344
19675,414712
20666,789142
18500,224382
10430,528276
20711,639370
20224,1411936
20311,552774
9368,692166
10080,391317
11202,334844
20914,480018
20664,1601213
2395,860176
5492,421131
12357,511027
18331,669257
6926,398464
3105,721289
9468,157995
3239,128725
13690,528464
13840,183680
6490,256983
20826,939225
15295,451302
15099,159197
5551,693587
21531,203312
8958,464870
307,439072
7485,320300
15008,401917
4294,506128
13320,895250
3928,1467545
18234,439370
17977,363135
3516,371095
6855,1519535
1409,657409
900,892775
3438,698956
3248,296098
21316,1467643
9187,482444
5824,408401
10477,394286
12373,212475
575,216506
2937,253333
16618,567124
12336,1004943
2851,660280
788,322552
15122,698470
236,390558
14900,411118
5338,300088
8016,438531
6900,713413
13548,1160153
10832,911459
15545,435704
8423,308810
19139,346494
15263,1339913
10145,527119
13781,661993
13709,359708
6556,160700
3415,545915
13732,260329
10649,409614
19513,606484
242,577700
20276,343391
16564,446013
16911,1004257
17386,356706
742,573672
6479,429969
14128,999143
4145,362958
16147,870594
13431,559360
10132,810305
21591,603375
3938,359145
5304,1224194
8536,985081
12138,393118
4510,371059
4339,1335982
19072,667630
1809,448119
13190,425803
19123,788637
2227,469828
19059,211703
15763,187994
15017,727913
17783,437668
1755,760659
17259,536624
10133,375662
342,670126
16929,788428
10157,913113
7424,70147
4135,654945
7747,778269
1011,394596
5696,476789
7479,545853
18965,297305
19571,549512
14762,684051
9842,358944
10866,792241
115,1159034
14133,377422
4648,237373
19858,2001875
5395,120128
9742,1049231
19355,541736
12011,462604
3922,301860
7958,383890
10903,397751
15521,574461
14366,347715
8962,732137
2122,452187
8829,1207354
628,311151
8881,257706
7504,281714
15936,471321
16635,500699
1610,628239
17333,270772
1291,218968
6127,482099
4691,493432
10757,723911
4235,866336
1381,225144
13597,1028675
9648,383326
18627,319738
9553,1531378
14200,202021
